"Раздел","Название","Автор","Файл"
"ЧЕРЕПНО-МОЗГОВАЯ ТРАВМА И НЕОТЛОЖНЫЕ СОСТОЯНИЯ","Современная классификация черепно-мозговой травмы","В.И. Данилов",""
"ЧЕРЕПНО-МОЗГОВАЯ ТРАВМА И НЕОТЛОЖНЫЕ СОСТОЯНИЯ","Травма головного и спинного мозга (Часть 1)","А.А. Пичугин",""
"ЧЕРЕПНО-МОЗГОВАЯ ТРАВМА И НЕОТЛОЖНЫЕ СОСТОЯНИЯ","Травма головного и спинного мозга (Часть 2)","А.А. Пичугин",""
"ЧЕРЕПНО-МОЗГОВАЯ ТРАВМА И НЕОТЛОЖНЫЕ СОСТОЯНИЯ","Внутричерепная гипертензия","В.И. Данилов",""
"ЧЕРЕПНО-МОЗГОВАЯ ТРАВМА И НЕОТЛОЖНЫЕ СОСТОЯНИЯ","Дислокационный синдром","В.И. Данилов",""
"ЧЕРЕПНО-МОЗГОВАЯ ТРАВМА И НЕОТЛОЖНЫЕ СОСТОЯНИЯ","Отёк головного мозга","В.И. Данилов",""
"ЧЕРЕПНО-МОЗГОВАЯ ТРАВМА И НЕОТЛОЖНЫЕ СОСТОЯНИЯ","Последствия ЧМТ","В.И. Данилов",""
"СОСУДИСТАЯ НЕЙРОХИРУРГИЯ","Нейровизуализация аневризм головного мозга","Кафедра неврологии и нейрохирургии КГМУ",""
"СОСУДИСТАЯ НЕЙРОХИРУРГИЯ","Сосудистая патология ГМ: Аневризмы и АВМ","А.Г. Алексеев",""
"СОСУДИСТАЯ НЕЙРОХИРУРГИЯ","Хирургия аневризм и артерио-венозных мальформаций","А.А. Пичугин, А.Г. Алексеев, В.И. Данилов",""
"СОСУДИСТАЯ НЕЙРОХИРУРГИЯ","Зачем использовать минидоступ в хирургии аневризм","А.А. Пичугин, В.И. Данилов, А.Г. Алексеев",""
"СОСУДИСТАЯ НЕЙРОХИРУРГИЯ","Сосудистый спазм (констриктивно-стенотическая артериопатия)","В.И. Данилов",""
"СОСУДИСТАЯ НЕЙРОХИРУРГИЯ","Комплексный подход к лечению вазоспазма","А.Г. Алексеев, А.А. Пичугин, В.И. Данилов и др.",""
"СОСУДИСТАЯ НЕЙРОХИРУРГИЯ","Нейрохирургическое лечение в остром периоде инсульта","В.И. Данилов",""
"СОСУДИСТАЯ НЕЙРОХИРУРГИЯ","Хирургическое лечение злокачественной ишемии ГМ","В.И. Данилов",""
"СОСУДИСТАЯ НЕЙРОХИРУРГИЯ","Хирургическое лечение нетравматических внутримозговых кровоизлияний","В.И. Данилов",""
"СОСУДИСТАЯ НЕЙРОХИРУРГИЯ","АВМ","А.М. Немировский",""
"СОСУДИСТАЯ НЕЙРОХИРУРГИЯ","Нейровизуализация сосудистых мальформаций головного и спинного мозга, артерио-венозных соустий","А.М. Немировский",""
"СОСУДИСТАЯ НЕЙРОХИРУРГИЯ","Эндоваскулярная нейрохирургия","А.М. Немировский",""
"НЕЙРООНКОЛОГИЯ","Опухоли ЦНС","В.И. Данилов",""
"НЕЙРООНКОЛОГИЯ","Эпидемиология первичных опухолей головного мозга","А.Г. Алексеев",""
"НЕЙРООНКОЛОГИЯ","Алгоритм выбора хирургического доступа к опухолям основания черепа","Кафедральный материал",""
"ФУНКЦИОНАЛЬНАЯ НЕЙРОХИРУРГИЯ","Функциональная нейрохирургия (Часть 1)","В.И. Данилов",""
"ФУНКЦИОНАЛЬНАЯ НЕЙРОХИРУРГИЯ","Функциональная нейрохирургия (Часть 2)","В.И. Данилов",""
"ФУНКЦИОНАЛЬНАЯ НЕЙРОХИРУРГИЯ","Хирургическое лечение фармако-резистентной эпилепсии","В.И. Данилов",""
"ФУНКЦИОНАЛЬНАЯ НЕЙРОХИРУРГИЯ","Современные возможности лечения вертеброгенной боли","В.И. Данилов",""
"ФУНКЦИОНАЛЬНАЯ НЕЙРОХИРУРГИЯ","Психохирургия","А.М. Немировский",""
"ОБЩИЕ ВОПРОСЫ И ПАТОФИЗИОЛОГИЯ","Гидроцефалия","В.И. Данилов",""
"ОБЩИЕ ВОПРОСЫ И ПАТОФИЗИОЛОГИЯ","Фармакологическая коррекция нарушений мозгового кровообращения","В.И. Данилов",""
"ФУНКЦИОНАЛЬНАЯ ДИАГНОСТИКА","Транскраниальные ультразвуковые исследования","Мифтахова Д.З.",""
"ФУНКЦИОНАЛЬНАЯ ДИАГНОСТИКА","Допплерографические признаки неэффективности кровотока","Мифтахова Д.З.",""
"ЭНДОСКОПИЧЕСКАЯ НЕЙРОХИРУРГИЯ","Эндоскопическая тривентрикулоцистерностомия как способ лечения окклюзии ликворных путей","Фатыхова Э. Ф.",""
